Origin,Destination,Distance_km
Delhi,New Delhi,2.29
New Delhi,Delhi,2.29
Delhi,Dalupura,12.72
Dalupura,Delhi,12.72
Delhi,Garhi,12.0
Garhi,Delhi,12.0
Delhi,Murtazabad,16.62
Murtazabad,Delhi,16.62
Delhi,Bhalswa Jahangirpur,18.23
Bhalswa Jahangirpur,Delhi,18.23
Delhi,Loni,21.36
Loni,Delhi,21.36
Delhi,Nangloi Jat,20.62
Nangloi Jat,Delhi,20.62
Delhi,Sultanpur Mazra,22.42
Sultanpur Mazra,Delhi,22.42
Delhi,Ghaziabad,28.39
Ghaziabad,Delhi,28.39
Delhi,Faridabad,25.58
Faridabad,Delhi,25.58
Mumbai,Thane,20.3
Thane,Mumbai,20.3
Mumbai,Bhayandar,32.96
Bhayandar,Mumbai,32.96
Mumbai,Vasai-Virar,53.9
Vasai-Virar,Mumbai,53.9
Mumbai,Kalyan,48.75
Kalyan,Mumbai,48.75
Mumbai,Pimpri-Chinchwad,133.98
Pimpri-Chinchwad,Mumbai,133.98
Mumbai,Pune,146.17
Pune,Mumbai,146.17
Mumbai,Nasik,166.35
Nasik,Mumbai,166.35
Mumbai,Surat,275.51
Surat,Mumbai,275.51
Mumbai,Aurangabad,325.99
Aurangabad,Mumbai,325.99
Mumbai,Vadodara,403.87
Vadodara,Mumbai,403.87
Bangalore,Byatarayanpur,10.65
Byatarayanpur,Bangalore,10.65
Bangalore,Dasarhalli,13.57
Dasarhalli,Bangalore,13.57
Bangalore,Herohalli,14.34
Herohalli,Bangalore,14.34
Bangalore,Abbigeri,16.22
Abbigeri,Bangalore,16.22
Bangalore,Yelahanka,14.63
Yelahanka,Bangalore,14.63
Bangalore,Oulgaret,315.85
Oulgaret,Bangalore,315.85
Bangalore,Pappakurichchi,326.94
Pappakurichchi,Bangalore,326.94
Bangalore,Puducherry,340.04
Puducherry,Bangalore,340.04
Bangalore,Pallavaram,313.77
Pallavaram,Bangalore,313.77
Bangalore,Ambattur,320.37
Ambattur,Bangalore,320.37
Hyderabad,Mirpeta,9.45
Mirpeta,Hyderabad,9.45
Hyderabad,Secunderabad,11.69
Secunderabad,Hyderabad,11.69
Hyderabad,Kukatpalli,17.66
Kukatpalli,Hyderabad,17.66
Hyderabad,Vijayavada,273.06
Vijayavada,Hyderabad,273.06
Hyderabad,Nagpur,495.52
Nagpur,Hyderabad,495.52
Hyderabad,Aurangabad,537.82
Aurangabad,Hyderabad,537.82
Hyderabad,Yelahanka,546.29
Yelahanka,Hyderabad,546.29
Hyderabad,Byatarayanpur,550.88
Byatarayanpur,Hyderabad,550.88
Hyderabad,Abbigeri,551.56
Abbigeri,Hyderabad,551.56
Hyderabad,Dasarhalli,556.14
Dasarhalli,Hyderabad,556.14
Chennai,Nerkunram,10.26
Nerkunram,Chennai,10.26
Chennai,Madhavaram,10.71
Madhavaram,Chennai,10.71
Chennai,Tiruvottiyur,11.47
Tiruvottiyur,Chennai,11.47
Chennai,Manali,12.77
Manali,Chennai,12.77
Chennai,Ambattur,16.63
Ambattur,Chennai,16.63
Chennai,Madipakkam,22.63
Madipakkam,Chennai,22.63
Chennai,Pallavaram,22.85
Pallavaram,Chennai,22.85
Chennai,Oulgaret,163.99
Oulgaret,Chennai,163.99
Chennai,Puducherry,168.92
Puducherry,Chennai,168.92
Chennai,Yelahanka,330.18
Yelahanka,Chennai,330.18
Ahmedabad,Vadodara,116.7
Vadodara,Ahmedabad,116.7
Ahmedabad,Surat,262.21
Surat,Ahmedabad,262.21
Ahmedabad,Rajkot,216.78
Rajkot,Ahmedabad,216.78
Ahmedabad,Nasik,472.36
Nasik,Ahmedabad,472.36
Ahmedabad,Jodhpur,447.49
Jodhpur,Ahmedabad,447.49
Ahmedabad,Indore,385.83
Indore,Ahmedabad,385.83
Ahmedabad,Vasai-Virar,485.86
Vasai-Virar,Ahmedabad,485.86
Ahmedabad,Bhayandar,500.18
Bhayandar,Ahmedabad,500.18
Ahmedabad,Kalyan,512.48
Kalyan,Ahmedabad,512.48
Ahmedabad,Thane,508.36
Thane,Ahmedabad,508.36
Kolkata,Haora,6.33
Haora,Kolkata,6.33
Kolkata,Salt Lake City,7.87
Salt Lake City,Kolkata,7.87
Kolkata,Chakapara,10.56
Chakapara,Kolkata,10.56
Kolkata,Dam Dam,10.83
Dam Dam,Kolkata,10.83
Kolkata,Titagarh,21.88
Titagarh,Kolkata,21.88
Kolkata,Shrirampur,27.69
Shrirampur,Kolkata,27.69
Kolkata,Barakpur,24.39
Barakpur,Kolkata,24.39
Kolkata,Baj Baj,25.64
Baj Baj,Kolkata,25.64
Kolkata,Bauria,30.66
Bauria,Kolkata,30.66
Kolkata,Chandannagar,44.68
Chandannagar,Kolkata,44.68
Surat,Vadodara,145.73
Vadodara,Surat,145.73
Surat,Nasik,226.58
Nasik,Surat,226.58
Surat,Vasai-Virar,240.08
Vasai-Virar,Surat,240.08
Surat,Ahmedabad,255.17
Ahmedabad,Surat,255.17
Surat,Bhayandar,254.4
Bhayandar,Surat,254.4
Surat,Kalyan,266.71
Kalyan,Surat,266.71
Surat,Thane,262.59
Thane,Surat,262.59
Surat,Mumbai,276.56
Mumbai,Surat,276.56
Surat,Rajkot,430.07
Rajkot,Surat,430.07
Surat,Pimpri-Chinchwad,393.72
Pimpri-Chinchwad,Surat,393.72
Lucknow,Kanpur,83.21
Kanpur,Lucknow,83.21
Lucknow,Prayagraj,205.51
Prayagraj,Lucknow,205.51
Lucknow,Mirzapur,300.08
Mirzapur,Lucknow,300.08
Lucknow,Varanasi,292.87
Varanasi,Lucknow,292.87
Lucknow,Haldwani,349.08
Haldwani,Lucknow,349.08
Lucknow,Gwalior,350.69
Gwalior,Lucknow,350.69
Lucknow,Agra,332.27
Agra,Lucknow,332.27
Lucknow,Aligarh,339.28
Aligarh,Lucknow,339.28
Lucknow,Jabalpur,506.69
Jabalpur,Lucknow,506.69
Lucknow,Meerut,464.03
Meerut,Lucknow,464.03
Pune,Pimpri-Chinchwad,15.1
Pimpri-Chinchwad,Pune,15.1
Pune,Kalyan,157.41
Kalyan,Pune,157.41
Pune,Thane,150.78
Thane,Pune,150.78
Pune,Mumbai,149.41
Mumbai,Pune,149.41
Pune,Bhayandar,173.61
Bhayandar,Pune,173.61
Pune,Vasai-Virar,187.92
Vasai-Virar,Pune,187.92
Pune,Nasik,211.88
Nasik,Pune,211.88
Pune,Aurangabad,233.38
Aurangabad,Pune,233.38
Pune,Surat,409.53
Surat,Pune,409.53
Pune,Vadodara,537.9
Vadodara,Pune,537.9
Jaipur,Kota,249.12
Kota,Jaipur,249.12
Jaipur,Najafgarh,259.86
Najafgarh,Jaipur,259.86
Jaipur,Faridabad,268.33
Faridabad,Jaipur,268.33
Jaipur,Nangloi Jat,272.71
Nangloi Jat,Jaipur,272.71
Jaipur,Sultanpur Mazra,274.7
Sultanpur Mazra,Jaipur,274.7
Jaipur,New Delhi,273.5
New Delhi,Jaipur,273.5
Jaipur,Delhi,275.71
Delhi,Jaipur,275.71
Jaipur,Agra,239.82
Agra,Jaipur,239.82
Jaipur,Dalupura,295.55
Dalupura,Jaipur,295.55
Jaipur,Bhalswa Jahangirpur,280.65
Bhalswa Jahangirpur,Jaipur,280.65
Kanpur,Lucknow,84.0
Lucknow,Kanpur,84.0
Kanpur,Prayagraj,201.71
Prayagraj,Kanpur,201.71
Kanpur,Gwalior,265.11
Gwalior,Kanpur,265.11
Kanpur,Agra,280.34
Agra,Kanpur,280.34
Kanpur,Mirzapur,298.15
Mirzapur,Kanpur,298.15
Kanpur,Aligarh,300.6
Aligarh,Kanpur,300.6
Kanpur,Haldwani,368.2
Haldwani,Kanpur,368.2
Kanpur,Varanasi,327.71
Varanasi,Kanpur,327.71
Kanpur,Jabalpur,451.44
Jabalpur,Kanpur,451.44
Kanpur,Faridabad,417.42
Faridabad,Kanpur,417.42
Mirzapur,Varanasi,60.71
Varanasi,Mirzapur,60.71
Mirzapur,Prayagraj,89.05
Prayagraj,Mirzapur,89.05
Mirzapur,Lucknow,293.75
Lucknow,Mirzapur,293.75
Mirzapur,Kanpur,290.79
Kanpur,Mirzapur,290.79
Mirzapur,Patna,295.2
Patna,Mirzapur,295.2
Mirzapur,Sabalpur,301.33
Sabalpur,Mirzapur,301.33
Mirzapur,Muzaffarpur,355.44
Muzaffarpur,Mirzapur,355.44
Mirzapur,Bilaspur,555.86
Bilaspur,Mirzapur,555.86
Mirzapur,Ranchi,466.2
Ranchi,Mirzapur,466.2
Mirzapur,Jabalpur,398.95
Jabalpur,Mirzapur,398.95
Nagpur,Jabalpur,274.51
Jabalpur,Nagpur,274.51
Nagpur,Raipur,284.76
Raipur,Nagpur,284.76
Nagpur,Bhopal,349.55
Bhopal,Nagpur,349.55
Nagpur,Bilaspur,398.8
Bilaspur,Nagpur,398.8
Nagpur,Indore,446.77
Indore,Nagpur,446.77
Nagpur,Kukatpalli,495.51
Kukatpalli,Nagpur,495.51
Nagpur,Secunderabad,487.62
Secunderabad,Nagpur,487.62
Nagpur,Hyderabad,497.17
Hyderabad,Nagpur,497.17
Nagpur,Mirpeta,504.0
Mirpeta,Nagpur,504.0
Nagpur,Aurangabad,449.96
Aurangabad,Nagpur,449.96
Ghaziabad,Garhi,14.0
Garhi,Ghaziabad,14.0
Ghaziabad,Dalupura,19.18
Dalupura,Ghaziabad,19.18
Ghaziabad,Murtazabad,18.66
Murtazabad,Ghaziabad,18.66
Ghaziabad,Loni,21.16
Loni,Ghaziabad,21.16
Ghaziabad,Delhi,25.78
Delhi,Ghaziabad,25.78
Ghaziabad,New Delhi,28.07
New Delhi,Ghaziabad,28.07
Ghaziabad,Bhalswa Jahangirpur,29.75
Bhalswa Jahangirpur,Ghaziabad,29.75
Ghaziabad,Faridabad,40.33
Faridabad,Ghaziabad,40.33
Ghaziabad,Sultanpur Mazra,42.44
Sultanpur Mazra,Ghaziabad,42.44
Ghaziabad,Nangloi Jat,42.76
Nangloi Jat,Ghaziabad,42.76
Supaul,Muzaffarpur,182.75
Muzaffarpur,Supaul,182.75
Supaul,Sabalpur,247.22
Sabalpur,Supaul,247.22
Supaul,Patna,252.46
Patna,Supaul,252.46
Supaul,Kankuria,296.53
Kankuria,Supaul,296.53
Supaul,Dhanbad,355.7
Dhanbad,Supaul,355.7
Supaul,Sijua,373.13
Sijua,Supaul,373.13
Supaul,Ranchi,484.71
Ranchi,Supaul,484.71
Supaul,Krishnanagar,459.67
Krishnanagar,Supaul,459.67
Supaul,Jamshedpur,503.86
Jamshedpur,Supaul,503.86
Supaul,Bansbaria,497.97
Bansbaria,Supaul,497.97
Vadodara,Ahmedabad,110.54
Ahmedabad,Vadodara,110.54
Vadodara,Surat,146.54
Surat,Vadodara,146.54
Vadodara,Nasik,356.68
Nasik,Vadodara,356.68
Vadodara,Rajkot,285.44
Rajkot,Vadodara,285.44
Vadodara,Indore,333.88
Indore,Vadodara,333.88
Vadodara,Vasai-Virar,370.18
Vasai-Virar,Vadodara,370.18
Vadodara,Bhayandar,384.5
Bhayandar,Vadodara,384.5
Vadodara,Kalyan,396.81
Kalyan,Vadodara,396.81
Vadodara,Thane,392.68
Thane,Vadodara,392.68
Vadodara,Aurangabad,461.0
Aurangabad,Vadodara,461.0
Rajkot,Ahmedabad,216.75
Ahmedabad,Rajkot,216.75
Rajkot,Surat,430.97
Surat,Rajkot,430.97
Rajkot,Vadodara,285.46
Vadodara,Rajkot,285.46
Rajkot,Vasai-Virar,654.62
Vasai-Virar,Rajkot,654.62
Rajkot,Bhayandar,668.94
Bhayandar,Rajkot,668.94
Rajkot,Nasik,641.12
Nasik,Rajkot,641.12
Rajkot,Thane,677.12
Thane,Rajkot,677.12
Rajkot,Mumbai,691.1
Mumbai,Rajkot,691.1
Rajkot,Kalyan,681.25
Kalyan,Rajkot,681.25
Rajkot,Jodhpur,623.75
Jodhpur,Rajkot,623.75
Vishakhapatnam,Vijayavada,357.96
Vijayavada,Vishakhapatnam,357.96
Vishakhapatnam,Puri,464.83
Puri,Vishakhapatnam,464.83
Vishakhapatnam,Raipur,580.93
Raipur,Vishakhapatnam,580.93
Vishakhapatnam,Kendraparha,511.28
Kendraparha,Vishakhapatnam,511.28
Vishakhapatnam,Bilaspur,698.01
Bilaspur,Vishakhapatnam,698.01
Vishakhapatnam,Mirpeta,593.54
Mirpeta,Vishakhapatnam,593.54
Vishakhapatnam,Secunderabad,603.08
Secunderabad,Vishakhapatnam,603.08
Vishakhapatnam,Hyderabad,597.63
Hyderabad,Vishakhapatnam,597.63
Vishakhapatnam,Kukatpalli,611.73
Kukatpalli,Vishakhapatnam,611.73
Vishakhapatnam,Balasore,623.67
Balasore,Vishakhapatnam,623.67
Indore,Bhopal,189.5
Bhopal,Indore,189.5
Indore,Kota,314.88
Kota,Indore,314.88
Indore,Vadodara,334.44
Vadodara,Indore,334.44
Indore,Aurangabad,408.15
Aurangabad,Indore,408.15
Indore,Ahmedabad,387.36
Ahmedabad,Indore,387.36
Indore,Surat,439.53
Surat,Indore,439.53
Indore,Nasik,416.29
Nasik,Indore,416.29
Indore,Nagpur,447.85
Nagpur,Indore,447.85
Indore,Jabalpur,490.08
Jabalpur,Indore,490.08
Indore,Jaipur,564.29
Jaipur,Indore,564.29
Thane,Bhayandar,26.66
Bhayandar,Thane,26.66
Thane,Mumbai,20.35
Mumbai,Thane,20.35
Thane,Kalyan,28.72
Kalyan,Thane,28.72
Thane,Vasai-Virar,40.97
Vasai-Virar,Thane,40.97
Thane,Pimpri-Chinchwad,135.13
Pimpri-Chinchwad,Thane,135.13
Thane,Pune,147.32
Pune,Thane,147.32
Thane,Nasik,146.32
Nasik,Thane,146.32
Thane,Surat,262.58
Surat,Thane,262.58
Thane,Aurangabad,305.96
Aurangabad,Thane,305.96
Thane,Vadodara,390.94
Vadodara,Thane,390.94
Bhopal,Indore,189.35
Indore,Bhopal,189.35
Bhopal,Kota,342.1
Kota,Bhopal,342.1
Bhopal,Jabalpur,312.82
Jabalpur,Bhopal,312.82
Bhopal,Nagpur,350.65
Nagpur,Bhopal,350.65
Bhopal,Gwalior,420.52
Gwalior,Bhopal,420.52
Bhopal,Agra,553.2
Agra,Bhopal,553.2
Bhopal,Aurangabad,600.54
Aurangabad,Bhopal,600.54
Bhopal,Jaipur,591.51
Jaipur,Bhopal,591.51
Bhopal,Vadodara,523.68
Vadodara,Bhopal,523.68
Bhopal,Kanpur,526.89
Kanpur,Bhopal,526.89
Pimpri-Chinchwad,Pune,16.03
Pune,Pimpri-Chinchwad,16.03
Pimpri-Chinchwad,Kalyan,144.0
Kalyan,Pimpri-Chinchwad,144.0
Pimpri-Chinchwad,Thane,137.37
Thane,Pimpri-Chinchwad,137.37
Pimpri-Chinchwad,Mumbai,136.0
Mumbai,Pimpri-Chinchwad,136.0
Pimpri-Chinchwad,Bhayandar,160.2
Bhayandar,Pimpri-Chinchwad,160.2
Pimpri-Chinchwad,Vasai-Virar,174.52
Vasai-Virar,Pimpri-Chinchwad,174.52
Pimpri-Chinchwad,Nasik,200.35
Nasik,Pimpri-Chinchwad,200.35
Pimpri-Chinchwad,Aurangabad,242.37
Aurangabad,Pimpri-Chinchwad,242.37
Pimpri-Chinchwad,Surat,396.12
Surat,Pimpri-Chinchwad,396.12
Pimpri-Chinchwad,Vadodara,524.49
Vadodara,Pimpri-Chinchwad,524.49
Patna,Sabalpur,8.38
Sabalpur,Patna,8.38
Patna,Muzaffarpur,72.35
Muzaffarpur,Patna,72.35
Patna,Supaul,253.64
Supaul,Patna,253.64
Patna,Varanasi,240.08
Varanasi,Patna,240.08
Patna,Sijua,315.5
Sijua,Patna,315.5
Patna,Dhanbad,319.52
Dhanbad,Patna,319.52
Patna,Ranchi,323.15
Ranchi,Patna,323.15
Patna,Mirzapur,294.75
Mirzapur,Patna,294.75
Patna,Kankuria,388.74
Kankuria,Patna,388.74
Patna,Jamshedpur,448.1
Jamshedpur,Patna,448.1
Bilaspur,Raipur,117.56
Raipur,Bilaspur,117.56
Bilaspur,Jabalpur,314.15
Jabalpur,Bilaspur,314.15
Bilaspur,Mirzapur,519.22
Mirzapur,Bilaspur,519.22
Bilaspur,Nagpur,398.04
Nagpur,Bilaspur,398.04
Bilaspur,Varanasi,516.27
Varanasi,Bilaspur,516.27
Bilaspur,Prayagraj,545.78
Prayagraj,Bilaspur,545.78
Bilaspur,Ranchi,430.29
Ranchi,Bilaspur,430.29
Bilaspur,Jamshedpur,560.05
Jamshedpur,Bilaspur,560.05
Bilaspur,Puri,570.82
Puri,Bilaspur,570.82
Bilaspur,Sijua,573.87
Sijua,Bilaspur,573.87
Ludhiana,Chandigarh,98.0
Chandigarh,Ludhiana,98.0
Ludhiana,Amritsar,141.58
Amritsar,Ludhiana,141.58
Ludhiana,Shimla,212.43
Shimla,Ludhiana,212.43
Ludhiana,Sultanpur Mazra,312.36
Sultanpur Mazra,Ludhiana,312.36
Ludhiana,Nangloi Jat,314.25
Nangloi Jat,Ludhiana,314.25
Ludhiana,Bhalswa Jahangirpur,302.37
Bhalswa Jahangirpur,Ludhiana,302.37
Ludhiana,Najafgarh,335.67
Najafgarh,Ludhiana,335.67
Ludhiana,Loni,310.81
Loni,Ludhiana,310.81
Ludhiana,Murtazabad,314.74
Murtazabad,Ludhiana,314.74
Ludhiana,New Delhi,319.01
New Delhi,Ludhiana,319.01
Agra,Aligarh,88.52
Aligarh,Agra,88.52
Agra,Gwalior,120.62
Gwalior,Agra,120.62
Agra,Faridabad,178.0
Faridabad,Agra,178.0
Agra,Dalupura,204.64
Dalupura,Agra,204.64
Agra,Ghaziabad,222.79
Ghaziabad,Agra,222.79
Agra,Garhi,207.54
Garhi,Agra,207.54
Agra,Delhi,201.15
Delhi,Agra,201.15
Agra,New Delhi,203.45
New Delhi,Agra,203.45
Agra,Murtazabad,217.91
Murtazabad,Agra,217.91
Agra,Loni,222.65
Loni,Agra,222.65
Madurai,Pappakurichchi,132.48
Pappakurichchi,Madurai,132.48
Madurai,Puducherry,324.78
Puducherry,Madurai,324.78
Madurai,Oulgaret,329.81
Oulgaret,Madurai,329.81
Madurai,Bangalore,420.62
Bangalore,Madurai,420.62
Madurai,Herohalli,440.12
Herohalli,Madurai,440.12
Madurai,Dasarhalli,449.15
Dasarhalli,Madurai,449.15
Madurai,Byatarayanpur,430.04
Byatarayanpur,Madurai,430.04
Madurai,Abbigeri,453.33
Abbigeri,Madurai,453.33
Madurai,Yelahanka,434.02
Yelahanka,Madurai,434.02
Madurai,Pallavaram,430.67
Pallavaram,Madurai,430.67
Jamshedpur,Sijua,158.22
Sijua,Jamshedpur,158.22
Jamshedpur,Ranchi,128.66
Ranchi,Jamshedpur,128.66
Jamshedpur,Dhanbad,148.81
Dhanbad,Jamshedpur,148.81
Jamshedpur,Balasore,198.3
Balasore,Jamshedpur,198.3
Jamshedpur,Baj Baj,300.09
Baj Baj,Jamshedpur,300.09
Jamshedpur,Bauria,305.11
Bauria,Jamshedpur,305.11
Jamshedpur,Haora,278.33
Haora,Jamshedpur,278.33
Jamshedpur,Shrirampur,289.33
Shrirampur,Jamshedpur,289.33
Jamshedpur,Chakapara,281.63
Chakapara,Jamshedpur,281.63
Jamshedpur,Barakpur,297.11
Barakpur,Jamshedpur,297.11
Prayagraj,Mirzapur,96.45
Mirzapur,Prayagraj,96.45
Prayagraj,Varanasi,126.01
Varanasi,Prayagraj,126.01
Prayagraj,Lucknow,206.49
Lucknow,Prayagraj,206.49
Prayagraj,Kanpur,201.75
Kanpur,Prayagraj,201.75
Prayagraj,Jabalpur,366.44
Jabalpur,Prayagraj,366.44
Prayagraj,Patna,361.45
Patna,Prayagraj,361.45
Prayagraj,Sabalpur,367.58
Sabalpur,Prayagraj,367.58
Prayagraj,Bilaspur,549.61
Bilaspur,Prayagraj,549.61
Prayagraj,Muzaffarpur,421.7
Muzaffarpur,Prayagraj,421.7
Prayagraj,Gwalior,459.91
Gwalior,Prayagraj,459.91
Nasik,Kalyan,132.45
Kalyan,Nasik,132.45
Nasik,Thane,145.63
Thane,Nasik,145.63
Nasik,Bhayandar,165.87
Bhayandar,Nasik,165.87
Nasik,Vasai-Virar,169.98
Vasai-Virar,Nasik,169.98
Nasik,Mumbai,165.81
Mumbai,Nasik,165.81
Nasik,Pimpri-Chinchwad,200.85
Pimpri-Chinchwad,Nasik,200.85
Nasik,Pune,211.35
Pune,Nasik,211.35
Nasik,Surat,226.46
Surat,Nasik,226.46
Nasik,Aurangabad,177.32
Aurangabad,Nasik,177.32
Nasik,Vadodara,354.83
Vadodara,Nasik,354.83
Faridabad,Dalupura,27.17
Dalupura,Faridabad,27.17
Faridabad,Delhi,23.69
Delhi,Faridabad,23.69
Faridabad,Garhi,30.07
Garhi,Faridabad,30.07
Faridabad,New Delhi,25.98
New Delhi,Faridabad,25.98
Faridabad,Ghaziabad,45.33
Ghaziabad,Faridabad,45.33
Faridabad,Murtazabad,40.45
Murtazabad,Faridabad,40.45
Faridabad,Loni,45.19
Loni,Faridabad,45.19
Faridabad,Bhalswa Jahangirpur,41.91
Bhalswa Jahangirpur,Faridabad,41.91
Faridabad,Nangloi Jat,44.31
Nangloi Jat,Faridabad,44.31
Faridabad,Sultanpur Mazra,46.11
Sultanpur Mazra,Faridabad,46.11
Meerut,Ghaziabad,56.59
Ghaziabad,Meerut,56.59
Meerut,Loni,78.16
Loni,Meerut,78.16
Meerut,Murtazabad,75.66
Murtazabad,Meerut,75.66
Meerut,Garhi,66.56
Garhi,Meerut,66.56
Meerut,Dalupura,70.48
Dalupura,Meerut,70.48
Meerut,Bhalswa Jahangirpur,86.75
Bhalswa Jahangirpur,Meerut,86.75
Meerut,Delhi,77.08
Delhi,Meerut,77.08
Meerut,New Delhi,79.37
New Delhi,Meerut,79.37
Meerut,Faridabad,91.63
Faridabad,Meerut,91.63
Meerut,Sultanpur Mazra,96.0
Sultanpur Mazra,Meerut,96.0
Jabalpur,Nagpur,274.4
Nagpur,Jabalpur,274.4
Jabalpur,Bilaspur,315.13
Bilaspur,Jabalpur,315.13
Jabalpur,Bhopal,312.46
Bhopal,Jabalpur,312.46
Jabalpur,Raipur,349.46
Raipur,Jabalpur,349.46
Jabalpur,Prayagraj,370.89
Prayagraj,Jabalpur,370.89
Jabalpur,Mirzapur,406.35
Mirzapur,Jabalpur,406.35
Jabalpur,Kanpur,451.42
Kanpur,Jabalpur,451.42
Jabalpur,Gwalior,444.48
Gwalior,Jabalpur,444.48
Jabalpur,Varanasi,472.84
Varanasi,Jabalpur,472.84
Jabalpur,Lucknow,537.04
Lucknow,Jabalpur,537.04
Kalyan,Thane,28.76
Thane,Kalyan,28.76
Kalyan,Bhayandar,51.59
Bhayandar,Kalyan,51.59
Kalyan,Mumbai,48.94
Mumbai,Kalyan,48.94
Kalyan,Vasai-Virar,58.38
Vasai-Virar,Kalyan,58.38
Kalyan,Pimpri-Chinchwad,141.9
Pimpri-Chinchwad,Kalyan,141.9
Kalyan,Nasik,133.19
Nasik,Kalyan,133.19
Kalyan,Pune,154.09
Pune,Kalyan,154.09
Kalyan,Surat,266.51
Surat,Kalyan,266.51
Kalyan,Aurangabad,292.84
Aurangabad,Kalyan,292.84
Kalyan,Vadodara,394.88
Vadodara,Kalyan,394.88
Vasai-Virar,Bhayandar,32.38
Bhayandar,Vasai-Virar,32.38
Vasai-Virar,Thane,40.56
Thane,Vasai-Virar,40.56
Vasai-Virar,Mumbai,54.54
Mumbai,Vasai-Virar,54.54
Vasai-Virar,Kalyan,58.22
Kalyan,Vasai-Virar,58.22
Vasai-Virar,Nasik,170.61
Nasik,Vasai-Virar,170.61
Vasai-Virar,Pimpri-Chinchwad,171.7
Pimpri-Chinchwad,Vasai-Virar,171.7
Vasai-Virar,Pune,183.89
Pune,Vasai-Virar,183.89
Vasai-Virar,Surat,239.59
Surat,Vasai-Virar,239.59
Vasai-Virar,Aurangabad,330.25
Aurangabad,Vasai-Virar,330.25
Vasai-Virar,Vadodara,367.95
Vadodara,Vasai-Virar,367.95
Najafgarh,Nangloi Jat,12.89
Nangloi Jat,Najafgarh,12.89
Najafgarh,Sultanpur Mazra,14.89
Sultanpur Mazra,Najafgarh,14.89
Najafgarh,Bhalswa Jahangirpur,26.36
Bhalswa Jahangirpur,Najafgarh,26.36
Najafgarh,New Delhi,27.62
New Delhi,Najafgarh,27.62
Najafgarh,Delhi,29.83
Delhi,Najafgarh,29.83
Najafgarh,Murtazabad,38.09
Murtazabad,Najafgarh,38.09
Najafgarh,Loni,42.12
Loni,Najafgarh,42.12
Najafgarh,Garhi,39.98
Garhi,Najafgarh,39.98
Najafgarh,Dalupura,40.7
Dalupura,Najafgarh,40.7
Najafgarh,Faridabad,52.55
Faridabad,Najafgarh,52.55
Varanasi,Mirzapur,63.11
Mirzapur,Varanasi,63.11
Varanasi,Prayagraj,128.41
Prayagraj,Varanasi,128.41
Varanasi,Patna,240.14
Patna,Varanasi,240.14
Varanasi,Sabalpur,246.27
Sabalpur,Varanasi,246.27
Varanasi,Muzaffarpur,308.47
Muzaffarpur,Varanasi,308.47
Varanasi,Lucknow,295.89
Lucknow,Varanasi,295.89
Varanasi,Kanpur,330.15
Kanpur,Varanasi,330.15
Varanasi,Ranchi,411.14
Ranchi,Varanasi,411.14
Varanasi,Bilaspur,514.9
Bilaspur,Varanasi,514.9
Varanasi,Sijua,403.49
Sijua,Varanasi,403.49
Srinagar,Amritsar,535.68
Amritsar,Srinagar,535.68
Srinagar,Ludhiana,602.5
Ludhiana,Srinagar,602.5
Srinagar,Shimla,773.46
Shimla,Srinagar,773.46
Srinagar,Chandigarh,676.31
Chandigarh,Srinagar,676.31
Srinagar,Sultanpur Mazra,913.52
Sultanpur Mazra,Srinagar,913.52
Srinagar,Bhalswa Jahangirpur,903.54
Bhalswa Jahangirpur,Srinagar,903.54
Srinagar,Nangloi Jat,915.42
Nangloi Jat,Srinagar,915.42
Srinagar,Meerut,902.67
Meerut,Srinagar,902.67
Srinagar,Loni,911.97
Loni,Srinagar,911.97
Srinagar,Najafgarh,936.83
Najafgarh,Srinagar,936.83
Aurangabad,Nasik,178.46
Nasik,Aurangabad,178.46
Aurangabad,Pimpri-Chinchwad,241.17
Pimpri-Chinchwad,Aurangabad,241.17
Aurangabad,Pune,232.91
Pune,Aurangabad,232.91
Aurangabad,Kalyan,296.19
Kalyan,Aurangabad,296.19
Aurangabad,Thane,309.37
Thane,Aurangabad,309.37
Aurangabad,Bhayandar,329.61
Bhayandar,Aurangabad,329.61
Aurangabad,Mumbai,329.55
Mumbai,Aurangabad,329.55
Aurangabad,Vasai-Virar,333.72
Vasai-Virar,Aurangabad,333.72
Aurangabad,Surat,378.26
Surat,Aurangabad,378.26
Aurangabad,Indore,409.72
Indore,Aurangabad,409.72
Dhanbad,Sijua,17.78
Sijua,Dhanbad,17.78
Dhanbad,Jamshedpur,148.51
Jamshedpur,Dhanbad,148.51
Dhanbad,Ranchi,152.17
Ranchi,Dhanbad,152.17
Dhanbad,Kankuria,262.9
Kankuria,Dhanbad,262.9
Dhanbad,Krishnanagar,245.97
Krishnanagar,Dhanbad,245.97
Dhanbad,Bansbaria,238.84
Bansbaria,Dhanbad,238.84
Dhanbad,Chandannagar,248.84
Chandannagar,Dhanbad,248.84
Dhanbad,Shrirampur,252.1
Shrirampur,Dhanbad,252.1
Dhanbad,Bhatpara,254.89
Bhatpara,Dhanbad,254.89
Dhanbad,Baj Baj,295.35
Baj Baj,Dhanbad,295.35
Amritsar,Ludhiana,142.37
Ludhiana,Amritsar,142.37
Amritsar,Chandigarh,229.56
Chandigarh,Amritsar,229.56
Amritsar,Shimla,335.93
Shimla,Amritsar,335.93
Amritsar,Srinagar,544.26
Srinagar,Amritsar,544.26
Amritsar,Sultanpur Mazra,452.76
Sultanpur Mazra,Amritsar,452.76
Amritsar,Nangloi Jat,454.65
Nangloi Jat,Amritsar,454.65
Amritsar,Najafgarh,454.58
Najafgarh,Amritsar,454.58
Amritsar,Bhalswa Jahangirpur,443.41
Bhalswa Jahangirpur,Amritsar,443.41
Amritsar,Loni,451.84
Loni,Amritsar,451.84
Amritsar,Murtazabad,455.77
Murtazabad,Amritsar,455.77
Aligarh,Agra,87.74
Agra,Aligarh,87.74
Aligarh,Faridabad,115.37
Faridabad,Aligarh,115.37
Aligarh,Ghaziabad,124.2
Ghaziabad,Aligarh,124.2
Aligarh,Dalupura,137.63
Dalupura,Aligarh,137.63
Aligarh,Garhi,133.7
Garhi,Aligarh,133.7
Aligarh,Delhi,144.22
Delhi,Aligarh,144.22
Aligarh,New Delhi,146.52
New Delhi,Aligarh,146.52
Aligarh,Meerut,139.86
Meerut,Aligarh,139.86
Aligarh,Murtazabad,141.86
Murtazabad,Aligarh,141.86
Aligarh,Loni,144.36
Loni,Aligarh,144.36
Guwahati,Kankuria,574.62
Kankuria,Guwahati,574.62
Guwahati,Krishnanagar,626.96
Krishnanagar,Guwahati,626.96
Guwahati,Bansbaria,736.89
Bansbaria,Guwahati,736.89
Guwahati,Bhatpara,732.67
Bhatpara,Guwahati,732.67
Guwahati,Chandannagar,748.97
Chandannagar,Guwahati,748.97
Guwahati,Barakpur,744.51
Barakpur,Guwahati,744.51
Guwahati,Titagarh,747.27
Titagarh,Guwahati,747.27
Guwahati,Shrirampur,765.61
Shrirampur,Guwahati,765.61
Guwahati,Dam Dam,747.22
Dam Dam,Guwahati,747.22
Guwahati,Salt Lake City,749.4
Salt Lake City,Guwahati,749.4
Haora,Kolkata,6.21
Kolkata,Haora,6.21
Haora,Chakapara,6.37
Chakapara,Haora,6.37
Haora,Salt Lake City,10.22
Salt Lake City,Haora,10.22
Haora,Dam Dam,13.19
Dam Dam,Haora,13.19
Haora,Titagarh,22.97
Titagarh,Haora,22.97
Haora,Shrirampur,24.64
Shrirampur,Haora,24.64
Haora,Baj Baj,26.67
Baj Baj,Haora,26.67
Haora,Barakpur,25.47
Barakpur,Haora,25.47
Haora,Bauria,31.69
Bauria,Haora,31.69
Haora,Chandannagar,41.3
Chandannagar,Haora,41.3
Ranchi,Jamshedpur,128.62
Jamshedpur,Ranchi,128.62
Ranchi,Sijua,140.58
Sijua,Ranchi,140.58
Ranchi,Dhanbad,152.03
Dhanbad,Ranchi,152.03
Ranchi,Patna,323.3
Patna,Ranchi,323.3
Ranchi,Sabalpur,325.56
Sabalpur,Ranchi,325.56
Ranchi,Balasore,312.44
Balasore,Ranchi,312.44
Ranchi,Muzaffarpur,387.17
Muzaffarpur,Ranchi,387.17
Ranchi,Kankuria,414.61
Kankuria,Ranchi,414.61
Ranchi,Baj Baj,414.24
Baj Baj,Ranchi,414.24
Ranchi,Bauria,419.26
Bauria,Ranchi,419.26
Gwalior,Agra,120.45
Agra,Gwalior,120.45
Gwalior,Aligarh,208.21
Aligarh,Gwalior,208.21
Gwalior,Kanpur,266.44
Kanpur,Gwalior,266.44
Gwalior,Faridabad,293.27
Faridabad,Gwalior,293.27
Gwalior,Jaipur,332.92
Jaipur,Gwalior,332.92
Gwalior,Dalupura,319.91
Dalupura,Gwalior,319.91
Gwalior,Kota,340.04
Kota,Gwalior,340.04
Gwalior,Garhi,322.81
Garhi,Gwalior,322.81
Gwalior,Ghaziabad,338.06
Ghaziabad,Gwalior,338.06
Gwalior,Delhi,316.42
Delhi,Gwalior,316.42
Chandigarh,Shimla,115.28
Shimla,Chandigarh,115.28
Chandigarh,Ludhiana,97.33
Ludhiana,Chandigarh,97.33
Chandigarh,Meerut,237.55
Meerut,Chandigarh,237.55
Chandigarh,Bhalswa Jahangirpur,238.42
Bhalswa Jahangirpur,Chandigarh,238.42
Chandigarh,Loni,246.85
Loni,Chandigarh,246.85
Chandigarh,Sultanpur Mazra,248.4
Sultanpur Mazra,Chandigarh,248.4
Chandigarh,Nangloi Jat,250.29
Nangloi Jat,Chandigarh,250.29
Chandigarh,Murtazabad,250.78
Murtazabad,Chandigarh,250.78
Chandigarh,Amritsar,229.65
Amritsar,Chandigarh,229.65
Chandigarh,Najafgarh,261.01
Najafgarh,Chandigarh,261.01
Haldwani,Meerut,220.67
Meerut,Haldwani,220.67
Haldwani,Aligarh,260.56
Aligarh,Haldwani,260.56
Haldwani,Ghaziabad,245.88
Ghaziabad,Haldwani,245.88
Haldwani,Garhi,258.75
Garhi,Haldwani,258.75
Haldwani,Dalupura,262.68
Dalupura,Haldwani,262.68
Haldwani,Loni,267.46
Loni,Haldwani,267.46
Haldwani,Murtazabad,264.96
Murtazabad,Haldwani,264.96
Haldwani,Faridabad,283.83
Faridabad,Haldwani,283.83
Haldwani,Delhi,269.27
Delhi,Haldwani,269.27
Haldwani,New Delhi,271.57
New Delhi,Haldwani,271.57
Vijayavada,Mirpeta,264.73
Mirpeta,Vijayavada,264.73
Vijayavada,Hyderabad,268.82
Hyderabad,Vijayavada,268.82
Vijayavada,Secunderabad,274.26
Secunderabad,Vijayavada,274.26
Vijayavada,Kukatpalli,282.92
Kukatpalli,Vijayavada,282.92
Vijayavada,Vishakhapatnam,359.9
Vishakhapatnam,Vijayavada,359.9
Vijayavada,Manali,446.42
Manali,Vijayavada,446.42
Vijayavada,Tiruvottiyur,450.88
Tiruvottiyur,Vijayavada,450.88
Vijayavada,Madhavaram,442.87
Madhavaram,Vijayavada,442.87
Vijayavada,Ambattur,449.74
Ambattur,Vijayavada,449.74
Vijayavada,Chennai,453.7
Chennai,Vijayavada,453.7
Jodhpur,Jaipur,334.13
Jaipur,Jodhpur,334.13
Jodhpur,Kota,377.45
Kota,Jodhpur,377.45
Jodhpur,Ahmedabad,447.3
Ahmedabad,Jodhpur,447.3
Jodhpur,Vadodara,564.4
Vadodara,Jodhpur,564.4
Jodhpur,Indore,633.77
Indore,Jodhpur,633.77
Jodhpur,Rajkot,623.82
Rajkot,Jodhpur,623.82
Jodhpur,Najafgarh,547.26
Najafgarh,Jodhpur,547.26
Jodhpur,Nangloi Jat,550.4
Nangloi Jat,Jodhpur,550.4
Jodhpur,Sultanpur Mazra,552.39
Sultanpur Mazra,Jodhpur,552.39
Jodhpur,Faridabad,601.09
Faridabad,Jodhpur,601.09
Raipur,Bilaspur,118.79
Bilaspur,Raipur,118.79
Raipur,Nagpur,286.28
Nagpur,Raipur,286.28
Raipur,Jabalpur,348.94
Jabalpur,Raipur,348.94
Raipur,Vishakhapatnam,583.99
Vishakhapatnam,Raipur,583.99
Raipur,Mirzapur,597.31
Mirzapur,Raipur,597.31
Raipur,Prayagraj,585.99
Prayagraj,Raipur,585.99
Raipur,Ranchi,547.54
Ranchi,Raipur,547.54
Raipur,Varanasi,632.91
Varanasi,Raipur,632.91
Raipur,Puri,591.27
Puri,Raipur,591.27
Raipur,Bhopal,636.47
Bhopal,Raipur,636.47
Kota,Jaipur,249.43
Jaipur,Kota,249.43
Kota,Indore,314.82
Indore,Kota,314.82
Kota,Bhopal,342.31
Bhopal,Kota,342.31
Kota,Gwalior,371.78
Gwalior,Kota,371.78
Kota,Agra,445.85
Agra,Kota,445.85
Kota,Jodhpur,377.9
Jodhpur,Kota,377.9
Kota,Aligarh,491.52
Aligarh,Kota,491.52
Kota,Faridabad,473.04
Faridabad,Kota,473.04
Kota,Najafgarh,493.7
Najafgarh,Kota,493.7
Kota,New Delhi,498.49
New Delhi,Kota,498.49
Bhayandar,Vasai-Virar,32.06
Vasai-Virar,Bhayandar,32.06
Bhayandar,Thane,26.48
Thane,Bhayandar,26.48
Bhayandar,Mumbai,33.67
Mumbai,Bhayandar,33.67
Bhayandar,Kalyan,51.21
Kalyan,Bhayandar,51.21
Bhayandar,Pimpri-Chinchwad,157.61
Pimpri-Chinchwad,Bhayandar,157.61
Bhayandar,Nasik,166.17
Nasik,Bhayandar,166.17
Bhayandar,Pune,169.8
Pune,Bhayandar,169.8
Bhayandar,Surat,253.67
Surat,Bhayandar,253.67
Bhayandar,Aurangabad,325.81
Aurangabad,Bhayandar,325.81
Bhayandar,Vadodara,382.03
Vadodara,Bhayandar,382.03
Loni,Murtazabad,5.26
Murtazabad,Loni,5.26
Loni,Bhalswa Jahangirpur,17.3
Bhalswa Jahangirpur,Loni,17.3
Loni,Garhi,19.43
Garhi,Loni,19.43
Loni,Delhi,20.96
Delhi,Loni,20.96
Loni,New Delhi,22.57
New Delhi,Loni,22.57
Loni,Dalupura,23.89
Dalupura,Loni,23.89
Loni,Ghaziabad,19.94
Ghaziabad,Loni,19.94
Loni,Sultanpur Mazra,29.99
Sultanpur Mazra,Loni,29.99
Loni,Nangloi Jat,30.3
Nangloi Jat,Loni,30.3
Loni,Faridabad,44.83
Faridabad,Loni,44.83
Ambattur,Nerkunram,12.69
Nerkunram,Ambattur,12.69
Ambattur,Madhavaram,14.67
Madhavaram,Ambattur,14.67
Ambattur,Manali,19.04
Manali,Ambattur,19.04
Ambattur,Chennai,16.71
Chennai,Ambattur,16.71
Ambattur,Pallavaram,24.85
Pallavaram,Ambattur,24.85
Ambattur,Tiruvottiyur,23.49
Tiruvottiyur,Ambattur,23.49
Ambattur,Madipakkam,25.07
Madipakkam,Ambattur,25.07
Ambattur,Oulgaret,157.52
Oulgaret,Ambattur,157.52
Ambattur,Puducherry,162.45
Puducherry,Ambattur,162.45
Ambattur,Yelahanka,322.87
Yelahanka,Ambattur,322.87
Salt Lake City,Dam Dam,3.14
Dam Dam,Salt Lake City,3.14
Salt Lake City,Kolkata,8.46
Kolkata,Salt Lake City,8.46
Salt Lake City,Chakapara,13.93
Chakapara,Salt Lake City,13.93
Salt Lake City,Haora,10.19
Haora,Salt Lake City,10.19
Salt Lake City,Titagarh,19.03
Titagarh,Salt Lake City,19.03
Salt Lake City,Shrirampur,24.84
Shrirampur,Salt Lake City,24.84
Salt Lake City,Barakpur,26.49
Barakpur,Salt Lake City,26.49
Salt Lake City,Baj Baj,31.54
Baj Baj,Salt Lake City,31.54
Salt Lake City,Bhatpara,37.65
Bhatpara,Salt Lake City,37.65
Salt Lake City,Chandannagar,41.82
Chandannagar,Salt Lake City,41.82
Bhatpara,Chandannagar,29.1
Chandannagar,Bhatpara,29.1
Bhatpara,Bansbaria,17.01
Bansbaria,Bhatpara,17.01
Bhatpara,Barakpur,15.1
Barakpur,Bhatpara,15.1
Bhatpara,Titagarh,18.29
Titagarh,Bhatpara,18.29
Bhatpara,Shrirampur,44.53
Shrirampur,Bhatpara,44.53
Bhatpara,Chakapara,33.62
Chakapara,Bhatpara,33.62
Bhatpara,Dam Dam,34.21
Dam Dam,Bhatpara,34.21
Bhatpara,Salt Lake City,36.58
Salt Lake City,Bhatpara,36.58
Bhatpara,Haora,50.5
Haora,Bhatpara,50.5
Bhatpara,Kolkata,38.74
Kolkata,Bhatpara,38.74
Kukatpalli,Secunderabad,11.92
Secunderabad,Kukatpalli,11.92
Kukatpalli,Hyderabad,17.14
Hyderabad,Kukatpalli,17.14
Kukatpalli,Mirpeta,24.13
Mirpeta,Kukatpalli,24.13
Kukatpalli,Vijayavada,285.76
Vijayavada,Kukatpalli,285.76
Kukatpalli,Nagpur,494.88
Nagpur,Kukatpalli,494.88
Kukatpalli,Aurangabad,520.04
Aurangabad,Kukatpalli,520.04
Kukatpalli,Yelahanka,563.23
Yelahanka,Kukatpalli,563.23
Kukatpalli,Byatarayanpur,567.82
Byatarayanpur,Kukatpalli,567.82
Kukatpalli,Abbigeri,568.5
Abbigeri,Kukatpalli,568.5
Kukatpalli,Dasarhalli,573.08
Dasarhalli,Kukatpalli,573.08
Dasarhalli,Abbigeri,4.94
Abbigeri,Dasarhalli,4.94
Dasarhalli,Herohalli,9.25
Herohalli,Dasarhalli,9.25
Dasarhalli,Byatarayanpur,12.72
Byatarayanpur,Dasarhalli,12.72
Dasarhalli,Yelahanka,14.69
Yelahanka,Dasarhalli,14.69
Dasarhalli,Bangalore,13.78
Bangalore,Dasarhalli,13.78
Dasarhalli,Oulgaret,343.71
Oulgaret,Dasarhalli,343.71
Dasarhalli,Pappakurichchi,354.81
Pappakurichchi,Dasarhalli,354.81
Dasarhalli,Puducherry,351.96
Puducherry,Dasarhalli,351.96
Dasarhalli,Pallavaram,324.35
Pallavaram,Dasarhalli,324.35
Dasarhalli,Ambattur,330.95
Ambattur,Dasarhalli,330.95
Muzaffarpur,Sabalpur,66.44
Sabalpur,Muzaffarpur,66.44
Muzaffarpur,Patna,71.67
Patna,Muzaffarpur,71.67
Muzaffarpur,Supaul,183.33
Supaul,Muzaffarpur,183.33
Muzaffarpur,Varanasi,308.02
Varanasi,Muzaffarpur,308.02
Muzaffarpur,Sijua,374.03
Sijua,Muzaffarpur,374.03
Muzaffarpur,Dhanbad,378.05
Dhanbad,Muzaffarpur,378.05
Muzaffarpur,Ranchi,382.19
Ranchi,Muzaffarpur,382.19
Muzaffarpur,Kankuria,383.64
Kankuria,Muzaffarpur,383.64
Muzaffarpur,Mirzapur,355.94
Mirzapur,Muzaffarpur,355.94
Muzaffarpur,Jamshedpur,507.14
Jamshedpur,Muzaffarpur,507.14
Oulgaret,Puducherry,9.36
Puducherry,Oulgaret,9.36
Oulgaret,Pallavaram,142.42
Pallavaram,Oulgaret,142.42
Oulgaret,Madipakkam,148.21
Madipakkam,Oulgaret,148.21
Oulgaret,Nerkunram,160.24
Nerkunram,Oulgaret,160.24
Oulgaret,Ambattur,158.0
Ambattur,Oulgaret,158.0
Oulgaret,Chennai,164.81
Chennai,Oulgaret,164.81
Oulgaret,Madhavaram,168.28
Madhavaram,Oulgaret,168.28
Oulgaret,Manali,173.26
Manali,Oulgaret,173.26
Oulgaret,Tiruvottiyur,175.66
Tiruvottiyur,Oulgaret,175.66
Oulgaret,Pappakurichchi,205.88
Pappakurichchi,Oulgaret,205.88
New Delhi,Delhi,3.64
Delhi,New Delhi,3.64
New Delhi,Garhi,13.3
Garhi,New Delhi,13.3
New Delhi,Dalupura,14.03
Dalupura,New Delhi,14.03
New Delhi,Murtazabad,17.92
Murtazabad,New Delhi,17.92
New Delhi,Bhalswa Jahangirpur,17.97
Bhalswa Jahangirpur,New Delhi,17.97
New Delhi,Loni,22.67
Loni,New Delhi,22.67
New Delhi,Nangloi Jat,20.36
Nangloi Jat,New Delhi,20.36
New Delhi,Sultanpur Mazra,22.16
Sultanpur Mazra,New Delhi,22.16
New Delhi,Faridabad,27.51
Faridabad,New Delhi,27.51
New Delhi,Ghaziabad,29.77
Ghaziabad,New Delhi,29.77
Tiruvottiyur,Manali,5.55
Manali,Tiruvottiyur,5.55
Tiruvottiyur,Madhavaram,11.5
Madhavaram,Tiruvottiyur,11.5
Tiruvottiyur,Chennai,11.47
Chennai,Tiruvottiyur,11.47
Tiruvottiyur,Nerkunram,21.08
Nerkunram,Tiruvottiyur,21.08
Tiruvottiyur,Ambattur,23.65
Ambattur,Tiruvottiyur,23.65
Tiruvottiyur,Madipakkam,32.09
Madipakkam,Tiruvottiyur,32.09
Tiruvottiyur,Pallavaram,32.31
Pallavaram,Tiruvottiyur,32.31
Tiruvottiyur,Oulgaret,174.81
Oulgaret,Tiruvottiyur,174.81
Tiruvottiyur,Puducherry,179.75
Puducherry,Tiruvottiyur,179.75
Tiruvottiyur,Yelahanka,341.01
Yelahanka,Tiruvottiyur,341.01
Puducherry,Oulgaret,8.82
Oulgaret,Puducherry,8.82
Puducherry,Pallavaram,147.67
Pallavaram,Puducherry,147.67
Puducherry,Madipakkam,153.45
Madipakkam,Puducherry,153.45
Puducherry,Nerkunram,165.49
Nerkunram,Puducherry,165.49
Puducherry,Ambattur,163.25
Ambattur,Puducherry,163.25
Puducherry,Chennai,170.06
Chennai,Puducherry,170.06
Puducherry,Madhavaram,173.53
Madhavaram,Puducherry,173.53
Puducherry,Manali,178.5
Manali,Puducherry,178.5
Puducherry,Tiruvottiyur,180.91
Tiruvottiyur,Puducherry,180.91
Puducherry,Pappakurichchi,202.44
Pappakurichchi,Puducherry,202.44
Byatarayanpur,Yelahanka,4.13
Yelahanka,Byatarayanpur,4.13
Byatarayanpur,Abbigeri,12.59
Abbigeri,Byatarayanpur,12.59
Byatarayanpur,Dasarhalli,13.53
Dasarhalli,Byatarayanpur,13.53
Byatarayanpur,Bangalore,12.1
Bangalore,Byatarayanpur,12.1
Byatarayanpur,Herohalli,19.41
Herohalli,Byatarayanpur,19.41
Byatarayanpur,Oulgaret,336.51
Oulgaret,Byatarayanpur,336.51
Byatarayanpur,Puducherry,341.44
Puducherry,Byatarayanpur,341.44
Byatarayanpur,Pappakurichchi,337.71
Pappakurichchi,Byatarayanpur,337.71
Byatarayanpur,Pallavaram,315.17
Pallavaram,Byatarayanpur,315.17
Byatarayanpur,Ambattur,321.77
Ambattur,Byatarayanpur,321.77
Pallavaram,Madipakkam,7.08
Madipakkam,Pallavaram,7.08
Pallavaram,Nerkunram,14.24
Nerkunram,Pallavaram,14.24
Pallavaram,Ambattur,25.05
Ambattur,Pallavaram,25.05
Pallavaram,Chennai,21.52
Chennai,Pallavaram,21.52
Pallavaram,Madhavaram,28.18
Madhavaram,Pallavaram,28.18
Pallavaram,Manali,32.54
Manali,Pallavaram,32.54
Pallavaram,Tiruvottiyur,31.74
Tiruvottiyur,Pallavaram,31.74
Pallavaram,Oulgaret,139.53
Oulgaret,Pallavaram,139.53
Pallavaram,Puducherry,144.47
Puducherry,Pallavaram,144.47
Pallavaram,Yelahanka,314.76
Yelahanka,Pallavaram,314.76
Secunderabad,Hyderabad,11.18
Hyderabad,Secunderabad,11.18
Secunderabad,Kukatpalli,12.0
Kukatpalli,Secunderabad,12.0
Secunderabad,Mirpeta,17.57
Mirpeta,Secunderabad,17.57
Secunderabad,Vijayavada,277.12
Vijayavada,Secunderabad,277.12
Secunderabad,Nagpur,485.5
Nagpur,Secunderabad,485.5
Secunderabad,Aurangabad,531.28
Aurangabad,Secunderabad,531.28
Secunderabad,Yelahanka,558.27
Yelahanka,Secunderabad,558.27
Secunderabad,Byatarayanpur,562.86
Byatarayanpur,Secunderabad,562.86
Secunderabad,Abbigeri,563.54
Abbigeri,Secunderabad,563.54
Secunderabad,Dasarhalli,568.12
Dasarhalli,Secunderabad,568.12
Shimla,Chandigarh,111.05
Chandigarh,Shimla,111.05
Shimla,Ludhiana,208.49
Ludhiana,Shimla,208.49
Shimla,Meerut,356.67
Meerut,Shimla,356.67
Shimla,Loni,341.37
Loni,Shimla,341.37
Shimla,Bhalswa Jahangirpur,332.93
Bhalswa Jahangirpur,Shimla,332.93
Shimla,Amritsar,332.71
Amritsar,Shimla,332.71
Shimla,Murtazabad,345.3
Murtazabad,Shimla,345.3
Shimla,Sultanpur Mazra,342.92
Sultanpur Mazra,Shimla,342.92
Shimla,Nangloi Jat,344.81
Nangloi Jat,Shimla,344.81
Shimla,Ghaziabad,366.04
Ghaziabad,Shimla,366.04
Puri,Kendraparha,141.05
Kendraparha,Puri,141.05
Puri,Balasore,253.44
Balasore,Puri,253.44
Puri,Jamshedpur,410.77
Jamshedpur,Puri,410.77
Puri,Vishakhapatnam,467.25
Vishakhapatnam,Puri,467.25
Puri,Bauria,518.01
Bauria,Puri,518.01
Puri,Baj Baj,513.0
Baj Baj,Puri,513.0
Puri,Ranchi,507.47
Ranchi,Puri,507.47
Puri,Haora,491.23
Haora,Puri,491.23
Puri,Kolkata,498.41
Kolkata,Puri,498.41
Puri,Chakapara,494.54
Chakapara,Puri,494.54
Murtazabad,Loni,5.27
Loni,Murtazabad,5.27
Murtazabad,Garhi,13.32
Garhi,Murtazabad,13.32
Murtazabad,Bhalswa Jahangirpur,14.14
Bhalswa Jahangirpur,Murtazabad,14.14
Murtazabad,Delhi,17.29
Delhi,Murtazabad,17.29
Murtazabad,New Delhi,18.89
New Delhi,Murtazabad,18.89
Murtazabad,Dalupura,17.58
Dalupura,Murtazabad,17.58
Murtazabad,Ghaziabad,17.9
Ghaziabad,Murtazabad,17.9
Murtazabad,Sultanpur Mazra,26.84
Sultanpur Mazra,Murtazabad,26.84
Murtazabad,Nangloi Jat,27.15
Nangloi Jat,Murtazabad,27.15
Murtazabad,Faridabad,41.15
Faridabad,Murtazabad,41.15
Shrirampur,Barakpur,29.08
Barakpur,Shrirampur,29.08
Shrirampur,Titagarh,26.57
Titagarh,Shrirampur,26.57
Shrirampur,Chakapara,16.19
Chakapara,Shrirampur,16.19
Shrirampur,Chandannagar,18.14
Chandannagar,Shrirampur,18.14
Shrirampur,Bhatpara,44.03
Bhatpara,Shrirampur,44.03
Shrirampur,Salt Lake City,24.57
Salt Lake City,Shrirampur,24.57
Shrirampur,Dam Dam,25.01
Dam Dam,Shrirampur,25.01
Shrirampur,Haora,25.41
Haora,Shrirampur,25.41
Shrirampur,Kolkata,26.72
Kolkata,Shrirampur,26.72
Shrirampur,Bansbaria,30.76
Bansbaria,Shrirampur,30.76
Chandannagar,Bhatpara,29.18
Bhatpara,Chandannagar,29.18
Chandannagar,Bansbaria,13.68
Bansbaria,Chandannagar,13.68
Chandannagar,Barakpur,45.47
Barakpur,Chandannagar,45.47
Chandannagar,Shrirampur,18.14
Shrirampur,Chandannagar,18.14
Chandannagar,Titagarh,48.23
Titagarh,Chandannagar,48.23
Chandannagar,Chakapara,33.01
Chakapara,Chandannagar,33.01
Chandannagar,Dam Dam,41.83
Dam Dam,Chandannagar,41.83
Chandannagar,Salt Lake City,41.38
Salt Lake City,Chandannagar,41.38
Chandannagar,Haora,41.2
Haora,Chandannagar,41.2
Chandannagar,Kolkata,43.54
Kolkata,Chandannagar,43.54
Sultanpur Mazra,Nangloi Jat,2.33
Nangloi Jat,Sultanpur Mazra,2.33
Sultanpur Mazra,Bhalswa Jahangirpur,13.68
Bhalswa Jahangirpur,Sultanpur Mazra,13.68
Sultanpur Mazra,Najafgarh,15.57
Najafgarh,Sultanpur Mazra,15.57
Sultanpur Mazra,New Delhi,21.37
New Delhi,Sultanpur Mazra,21.37
Sultanpur Mazra,Delhi,23.29
Delhi,Sultanpur Mazra,23.29
Sultanpur Mazra,Murtazabad,25.42
Murtazabad,Sultanpur Mazra,25.42
Sultanpur Mazra,Loni,29.45
Loni,Sultanpur Mazra,29.45
Sultanpur Mazra,Garhi,30.97
Garhi,Sultanpur Mazra,30.97
Sultanpur Mazra,Dalupura,31.69
Dalupura,Sultanpur Mazra,31.69
Sultanpur Mazra,Ghaziabad,40.88
Ghaziabad,Sultanpur Mazra,40.88
Krishnanagar,Bansbaria,72.26
Bansbaria,Krishnanagar,72.26
Krishnanagar,Bhatpara,78.26
Bhatpara,Krishnanagar,78.26
Krishnanagar,Chandannagar,84.34
Chandannagar,Krishnanagar,84.34
Krishnanagar,Barakpur,90.1
Barakpur,Krishnanagar,90.1
Krishnanagar,Shrirampur,101.43
Shrirampur,Krishnanagar,101.43
Krishnanagar,Titagarh,92.86
Titagarh,Krishnanagar,92.86
Krishnanagar,Dam Dam,96.28
Dam Dam,Krishnanagar,96.28
Krishnanagar,Chakapara,103.77
Chakapara,Krishnanagar,103.77
Krishnanagar,Salt Lake City,98.46
Salt Lake City,Krishnanagar,98.46
Krishnanagar,Haora,116.52
Haora,Krishnanagar,116.52
Barakpur,Titagarh,3.31
Titagarh,Barakpur,3.31
Barakpur,Shrirampur,29.55
Shrirampur,Barakpur,29.55
Barakpur,Chandannagar,45.73
Chandannagar,Barakpur,45.73
Barakpur,Bhatpara,15.08
Bhatpara,Barakpur,15.08
Barakpur,Chakapara,18.64
Chakapara,Barakpur,18.64
Barakpur,Dam Dam,22.05
Dam Dam,Barakpur,22.05
Barakpur,Salt Lake City,21.6
Salt Lake City,Barakpur,21.6
Barakpur,Haora,31.39
Haora,Barakpur,31.39
Barakpur,Kolkata,23.76
Kolkata,Barakpur,23.76
Barakpur,Bansbaria,33.65
Bansbaria,Barakpur,33.65
Bhalswa Jahangirpur,Sultanpur Mazra,13.64
Sultanpur Mazra,Bhalswa Jahangirpur,13.64
Bhalswa Jahangirpur,Murtazabad,12.93
Murtazabad,Bhalswa Jahangirpur,12.93
Bhalswa Jahangirpur,Nangloi Jat,13.96
Nangloi Jat,Bhalswa Jahangirpur,13.96
Bhalswa Jahangirpur,Loni,16.96
Loni,Bhalswa Jahangirpur,16.96
Bhalswa Jahangirpur,New Delhi,18.0
New Delhi,Bhalswa Jahangirpur,18.0
Bhalswa Jahangirpur,Delhi,18.28
Delhi,Bhalswa Jahangirpur,18.28
Bhalswa Jahangirpur,Garhi,23.36
Garhi,Bhalswa Jahangirpur,23.36
Bhalswa Jahangirpur,Dalupura,27.81
Dalupura,Bhalswa Jahangirpur,27.81
Bhalswa Jahangirpur,Najafgarh,26.87
Najafgarh,Bhalswa Jahangirpur,26.87
Bhalswa Jahangirpur,Ghaziabad,28.39
Ghaziabad,Bhalswa Jahangirpur,28.39
Nangloi Jat,Sultanpur Mazra,2.32
Sultanpur Mazra,Nangloi Jat,2.32
Nangloi Jat,Bhalswa Jahangirpur,14.02
Bhalswa Jahangirpur,Nangloi Jat,14.02
Nangloi Jat,Najafgarh,13.57
Najafgarh,Nangloi Jat,13.57
Nangloi Jat,New Delhi,18.87
New Delhi,Nangloi Jat,18.87
Nangloi Jat,Delhi,21.44
Delhi,Nangloi Jat,21.44
Nangloi Jat,Murtazabad,25.76
Murtazabad,Nangloi Jat,25.76
Nangloi Jat,Loni,29.79
Loni,Nangloi Jat,29.79
Nangloi Jat,Garhi,29.13
Garhi,Nangloi Jat,29.13
Nangloi Jat,Dalupura,29.85
Dalupura,Nangloi Jat,29.85
Nangloi Jat,Ghaziabad,41.22
Ghaziabad,Nangloi Jat,41.22
Balasore,Kendraparha,173.72
Kendraparha,Balasore,173.72
Balasore,Jamshedpur,198.32
Jamshedpur,Balasore,198.32
Balasore,Bauria,264.48
Bauria,Balasore,264.48
Balasore,Baj Baj,259.47
Baj Baj,Balasore,259.47
Balasore,Haora,237.7
Haora,Balasore,237.7
Balasore,Kolkata,244.88
Kolkata,Balasore,244.88
Balasore,Chakapara,241.01
Chakapara,Balasore,241.01
Balasore,Salt Lake City,248.2
Salt Lake City,Balasore,248.2
Balasore,Dam Dam,251.17
Dam Dam,Balasore,251.17
Balasore,Shrirampur,248.71
Shrirampur,Balasore,248.71
Dalupura,Garhi,5.39
Garhi,Dalupura,5.39
Dalupura,Delhi,12.53
Delhi,Dalupura,12.53
Dalupura,New Delhi,14.14
New Delhi,Dalupura,14.14
Dalupura,Murtazabad,17.8
Murtazabad,Dalupura,17.8
Dalupura,Ghaziabad,21.62
Ghaziabad,Dalupura,21.62
Dalupura,Loni,21.32
Loni,Dalupura,21.32
Dalupura,Faridabad,26.51
Faridabad,Dalupura,26.51
Dalupura,Bhalswa Jahangirpur,27.56
Bhalswa Jahangirpur,Dalupura,27.56
Dalupura,Nangloi Jat,30.0
Nangloi Jat,Dalupura,30.0
Dalupura,Sultanpur Mazra,31.8
Sultanpur Mazra,Dalupura,31.8
Yelahanka,Byatarayanpur,6.13
Byatarayanpur,Yelahanka,6.13
Yelahanka,Abbigeri,10.2
Abbigeri,Yelahanka,10.2
Yelahanka,Dasarhalli,14.7
Dasarhalli,Yelahanka,14.7
Yelahanka,Bangalore,15.25
Bangalore,Yelahanka,15.25
Yelahanka,Herohalli,23.41
Herohalli,Yelahanka,23.41
Yelahanka,Oulgaret,338.42
Oulgaret,Yelahanka,338.42
Yelahanka,Puducherry,343.35
Puducherry,Yelahanka,343.35
Yelahanka,Pallavaram,317.08
Pallavaram,Yelahanka,317.08
Yelahanka,Ambattur,323.68
Ambattur,Yelahanka,323.68
Yelahanka,Pappakurichchi,340.86
Pappakurichchi,Yelahanka,340.86
Titagarh,Barakpur,3.26
Barakpur,Titagarh,3.26
Titagarh,Shrirampur,27.14
Shrirampur,Titagarh,27.14
Titagarh,Chakapara,16.23
Chakapara,Titagarh,16.23
Titagarh,Dam Dam,19.64
Dam Dam,Titagarh,19.64
Titagarh,Chandannagar,48.03
Chandannagar,Titagarh,48.03
Titagarh,Salt Lake City,19.2
Salt Lake City,Titagarh,19.2
Titagarh,Bhatpara,18.22
Bhatpara,Titagarh,18.22
Titagarh,Haora,28.98
Haora,Titagarh,28.98
Titagarh,Kolkata,21.35
Kolkata,Titagarh,21.35
Titagarh,Bansbaria,35.94
Bansbaria,Titagarh,35.94
Dam Dam,Salt Lake City,3.96
Salt Lake City,Dam Dam,3.96
Dam Dam,Chakapara,17.72
Chakapara,Dam Dam,17.72
Dam Dam,Kolkata,11.8
Kolkata,Dam Dam,11.8
Dam Dam,Haora,13.21
Haora,Dam Dam,13.21
Dam Dam,Titagarh,22.45
Titagarh,Dam Dam,22.45
Dam Dam,Barakpur,24.89
Barakpur,Dam Dam,24.89
Dam Dam,Shrirampur,28.63
Shrirampur,Dam Dam,28.63
Dam Dam,Bhatpara,36.05
Bhatpara,Dam Dam,36.05
Dam Dam,Chandannagar,45.61
Chandannagar,Dam Dam,45.61
Dam Dam,Baj Baj,34.56
Baj Baj,Dam Dam,34.56
Bansbaria,Bhatpara,17.2
Bhatpara,Bansbaria,17.2
Bansbaria,Chandannagar,13.62
Chandannagar,Bansbaria,13.62
Bansbaria,Barakpur,33.49
Barakpur,Bansbaria,33.49
Bansbaria,Shrirampur,30.7
Shrirampur,Bansbaria,30.7
Bansbaria,Titagarh,36.24
Titagarh,Bansbaria,36.24
Bansbaria,Chakapara,53.17
Chakapara,Bansbaria,53.17
Bansbaria,Dam Dam,49.63
Dam Dam,Bansbaria,49.63
Bansbaria,Salt Lake City,51.53
Salt Lake City,Bansbaria,51.53
Bansbaria,Haora,53.67
Haora,Bansbaria,53.67
Bansbaria,Kolkata,56.69
Kolkata,Bansbaria,56.69
Madhavaram,Manali,7.09
Manali,Madhavaram,7.09
Madhavaram,Tiruvottiyur,11.54
Tiruvottiyur,Madhavaram,11.54
Madhavaram,Chennai,10.93
Chennai,Madhavaram,10.93
Madhavaram,Ambattur,14.7
Ambattur,Madhavaram,14.7
Madhavaram,Nerkunram,15.5
Nerkunram,Madhavaram,15.5
Madhavaram,Madipakkam,27.88
Madipakkam,Madhavaram,27.88
Madhavaram,Pallavaram,28.09
Pallavaram,Madhavaram,28.09
Madhavaram,Oulgaret,168.18
Oulgaret,Madhavaram,168.18
Madhavaram,Puducherry,173.11
Puducherry,Madhavaram,173.11
Madhavaram,Yelahanka,334.65
Yelahanka,Madhavaram,334.65
Abbigeri,Dasarhalli,6.36
Dasarhalli,Abbigeri,6.36
Abbigeri,Byatarayanpur,11.82
Byatarayanpur,Abbigeri,11.82
Abbigeri,Yelahanka,10.14
Yelahanka,Abbigeri,10.14
Abbigeri,Herohalli,15.33
Herohalli,Abbigeri,15.33
Abbigeri,Bangalore,16.17
Bangalore,Abbigeri,16.17
Abbigeri,Oulgaret,344.79
Oulgaret,Abbigeri,344.79
Abbigeri,Puducherry,349.72
Puducherry,Abbigeri,349.72
Abbigeri,Pappakurichchi,360.61
Pappakurichchi,Abbigeri,360.61
Abbigeri,Pallavaram,323.45
Pallavaram,Abbigeri,323.45
Abbigeri,Ambattur,330.05
Ambattur,Abbigeri,330.05
Baj Baj,Bauria,5.21
Bauria,Baj Baj,5.21
Baj Baj,Haora,28.17
Haora,Baj Baj,28.17
Baj Baj,Kolkata,25.44
Kolkata,Baj Baj,25.44
Baj Baj,Chakapara,34.26
Chakapara,Baj Baj,34.26
Baj Baj,Salt Lake City,31.79
Salt Lake City,Baj Baj,31.79
Baj Baj,Dam Dam,34.76
Dam Dam,Baj Baj,34.76
Baj Baj,Shrirampur,49.69
Shrirampur,Baj Baj,49.69
Baj Baj,Titagarh,44.54
Titagarh,Baj Baj,44.54
Baj Baj,Barakpur,47.05
Barakpur,Baj Baj,47.05
Baj Baj,Chandannagar,66.34
Chandannagar,Baj Baj,66.34
Garhi,Dalupura,4.88
Dalupura,Garhi,4.88
Garhi,Delhi,14.05
Delhi,Garhi,14.05
Garhi,Murtazabad,14.18
Murtazabad,Garhi,14.18
Garhi,Ghaziabad,16.34
Ghaziabad,Garhi,16.34
Garhi,New Delhi,13.52
New Delhi,Garhi,13.52
Garhi,Loni,17.7
Loni,Garhi,17.7
Garhi,Bhalswa Jahangirpur,25.28
Bhalswa Jahangirpur,Garhi,25.28
Garhi,Faridabad,30.17
Faridabad,Garhi,30.17
Garhi,Nangloi Jat,29.38
Nangloi Jat,Garhi,29.38
Garhi,Sultanpur Mazra,31.18
Sultanpur Mazra,Garhi,31.18
Mirpeta,Hyderabad,8.09
Hyderabad,Mirpeta,8.09
Mirpeta,Secunderabad,17.42
Secunderabad,Mirpeta,17.42
Mirpeta,Kukatpalli,23.88
Kukatpalli,Mirpeta,23.88
Mirpeta,Vijayavada,268.17
Vijayavada,Mirpeta,268.17
Mirpeta,Nagpur,501.75
Nagpur,Mirpeta,501.75
Mirpeta,Aurangabad,542.78
Aurangabad,Mirpeta,542.78
Mirpeta,Yelahanka,549.29
Yelahanka,Mirpeta,549.29
Mirpeta,Byatarayanpur,553.88
Byatarayanpur,Mirpeta,553.88
Mirpeta,Abbigeri,554.56
Abbigeri,Mirpeta,554.56
Mirpeta,Dasarhalli,559.14
Dasarhalli,Mirpeta,559.14
Nerkunram,Chennai,9.95
Chennai,Nerkunram,9.95
Nerkunram,Ambattur,11.83
Ambattur,Nerkunram,11.83
Nerkunram,Madhavaram,15.04
Madhavaram,Nerkunram,15.04
Nerkunram,Madipakkam,14.56
Madipakkam,Nerkunram,14.56
Nerkunram,Pallavaram,14.78
Pallavaram,Nerkunram,14.78
Nerkunram,Manali,19.41
Manali,Nerkunram,19.41
Nerkunram,Tiruvottiyur,20.8
Tiruvottiyur,Nerkunram,20.8
Nerkunram,Oulgaret,158.32
Oulgaret,Nerkunram,158.32
Nerkunram,Puducherry,163.26
Puducherry,Nerkunram,163.26
Nerkunram,Yelahanka,324.52
Yelahanka,Nerkunram,324.52
Kendraparha,Puri,141.74
Puri,Kendraparha,141.74
Kendraparha,Balasore,173.83
Balasore,Kendraparha,173.83
Kendraparha,Jamshedpur,331.17
Jamshedpur,Kendraparha,331.17
Kendraparha,Bauria,438.41
Bauria,Kendraparha,438.41
Kendraparha,Baj Baj,433.39
Baj Baj,Kendraparha,433.39
Kendraparha,Haora,411.63
Haora,Kendraparha,411.63
Kendraparha,Kolkata,418.81
Kolkata,Kendraparha,418.81
Kendraparha,Chakapara,414.93
Chakapara,Kendraparha,414.93
Kendraparha,Salt Lake City,422.13
Salt Lake City,Kendraparha,422.13
Kendraparha,Dam Dam,425.1
Dam Dam,Kendraparha,425.1
Sijua,Dhanbad,14.37
Dhanbad,Sijua,14.37
Sijua,Jamshedpur,157.93
Jamshedpur,Sijua,157.93
Sijua,Ranchi,140.68
Ranchi,Sijua,140.68
Sijua,Kankuria,276.95
Kankuria,Sijua,276.95
Sijua,Sabalpur,316.67
Sabalpur,Sijua,316.67
Sijua,Patna,314.98
Patna,Sijua,314.98
Sijua,Krishnanagar,260.02
Krishnanagar,Sijua,260.02
Sijua,Bansbaria,252.89
Bansbaria,Sijua,252.89
Sijua,Chandannagar,262.89
Chandannagar,Sijua,262.89
Sijua,Shrirampur,266.14
Shrirampur,Sijua,266.14
Manali,Tiruvottiyur,5.55
Tiruvottiyur,Manali,5.55
Manali,Madhavaram,7.04
Madhavaram,Manali,7.04
Manali,Chennai,13.15
Chennai,Manali,13.15
Manali,Nerkunram,19.99
Nerkunram,Manali,19.99
Manali,Ambattur,19.18
Ambattur,Manali,19.18
Manali,Madipakkam,32.37
Madipakkam,Manali,32.37
Manali,Pallavaram,32.58
Pallavaram,Manali,32.58
Manali,Oulgaret,172.67
Oulgaret,Manali,172.67
Manali,Puducherry,177.6
Puducherry,Manali,177.6
Manali,Yelahanka,339.14
Yelahanka,Manali,339.14
Kankuria,Krishnanagar,163.83
Krishnanagar,Kankuria,163.83
Kankuria,Bansbaria,233.29
Bansbaria,Kankuria,233.29
Kankuria,Dhanbad,262.78
Dhanbad,Kankuria,262.78
Kankuria,Chandannagar,245.38
Chandannagar,Kankuria,245.38
Kankuria,Bhatpara,239.3
Bhatpara,Kankuria,239.3
Kankuria,Sijua,280.21
Sijua,Kankuria,280.21
Kankuria,Barakpur,251.13
Barakpur,Kankuria,251.13
Kankuria,Shrirampur,251.69
Shrirampur,Kankuria,251.69
Kankuria,Titagarh,253.89
Titagarh,Kankuria,253.89
Kankuria,Supaul,296.52
Supaul,Kankuria,296.52
Chakapara,Salt Lake City,14.65
Salt Lake City,Chakapara,14.65
Chakapara,Haora,7.31
Haora,Chakapara,7.31
Chakapara,Kolkata,10.38
Kolkata,Chakapara,10.38
Chakapara,Dam Dam,15.1
Dam Dam,Chakapara,15.1
Chakapara,Titagarh,16.66
Titagarh,Chakapara,16.66
Chakapara,Shrirampur,16.03
Shrirampur,Chakapara,16.03
Chakapara,Barakpur,19.16
Barakpur,Chakapara,19.16
Chakapara,Baj Baj,32.26
Baj Baj,Chakapara,32.26
Chakapara,Chandannagar,33.01
Chandannagar,Chakapara,33.01
Chakapara,Bauria,37.27
Bauria,Chakapara,37.27
Pappakurichchi,Madurai,136.44
Madurai,Pappakurichchi,136.44
Pappakurichchi,Puducherry,202.62
Puducherry,Pappakurichchi,202.62
Pappakurichchi,Oulgaret,207.65
Oulgaret,Pappakurichchi,207.65
Pappakurichchi,Bangalore,326.53
Bangalore,Pappakurichchi,326.53
Pappakurichchi,Herohalli,346.03
Herohalli,Pappakurichchi,346.03
Pappakurichchi,Byatarayanpur,335.96
Byatarayanpur,Pappakurichchi,335.96
Pappakurichchi,Dasarhalli,355.06
Dasarhalli,Pappakurichchi,355.06
Pappakurichchi,Yelahanka,339.94
Yelahanka,Pappakurichchi,339.94
Pappakurichchi,Pallavaram,308.51
Pallavaram,Pappakurichchi,308.51
Pappakurichchi,Abbigeri,359.24
Abbigeri,Pappakurichchi,359.24
Herohalli,Dasarhalli,9.48
Dasarhalli,Herohalli,9.48
Herohalli,Abbigeri,13.66
Abbigeri,Herohalli,13.66
Herohalli,Bangalore,13.57
Bangalore,Herohalli,13.57
Herohalli,Byatarayanpur,18.56
Byatarayanpur,Herohalli,18.56
Herohalli,Yelahanka,22.94
Yelahanka,Herohalli,22.94
Herohalli,Oulgaret,335.73
Oulgaret,Herohalli,335.73
Herohalli,Pappakurichchi,346.83
Pappakurichchi,Herohalli,346.83
Herohalli,Puducherry,343.97
Puducherry,Herohalli,343.97
Herohalli,Pallavaram,327.34
Pallavaram,Herohalli,327.34
Herohalli,Ambattur,333.94
Ambattur,Herohalli,333.94
Madipakkam,Pallavaram,7.18
Pallavaram,Madipakkam,7.18
Madipakkam,Nerkunram,14.23
Nerkunram,Madipakkam,14.23
Madipakkam,Chennai,19.09
Chennai,Madipakkam,19.09
Madipakkam,Ambattur,24.96
Ambattur,Madipakkam,24.96
Madipakkam,Madhavaram,28.17
Madhavaram,Madipakkam,28.17
Madipakkam,Manali,32.54
Manali,Madipakkam,32.54
Madipakkam,Tiruvottiyur,29.32
Tiruvottiyur,Madipakkam,29.32
Madipakkam,Oulgaret,149.1
Oulgaret,Madipakkam,149.1
Madipakkam,Puducherry,154.04
Puducherry,Madipakkam,154.04
Madipakkam,Pappakurichchi,315.62
Pappakurichchi,Madipakkam,315.62
Sabalpur,Patna,7.75
Patna,Sabalpur,7.75
Sabalpur,Muzaffarpur,66.48
Muzaffarpur,Sabalpur,66.48
Sabalpur,Supaul,247.77
Supaul,Sabalpur,247.77
Sabalpur,Sijua,312.01
Sijua,Sabalpur,312.01
Sabalpur,Varanasi,246.85
Varanasi,Sabalpur,246.85
Sabalpur,Dhanbad,316.03
Dhanbad,Sabalpur,316.03
Sabalpur,Ranchi,320.17
Ranchi,Sabalpur,320.17
Sabalpur,Mirzapur,301.52
Mirzapur,Sabalpur,301.52
Sabalpur,Kankuria,386.29
Kankuria,Sabalpur,386.29
Sabalpur,Jamshedpur,445.12
Jamshedpur,Sabalpur,445.12
Bauria,Baj Baj,5.21
Baj Baj,Bauria,5.21
Bauria,Haora,33.19
Haora,Bauria,33.19
Bauria,Kolkata,30.46
Kolkata,Bauria,30.46
Bauria,Chakapara,39.28
Chakapara,Bauria,39.28
Bauria,Salt Lake City,36.81
Salt Lake City,Bauria,36.81
Bauria,Dam Dam,39.78
Dam Dam,Bauria,39.78
Bauria,Shrirampur,54.7
Shrirampur,Bauria,54.7
Bauria,Titagarh,49.56
Titagarh,Bauria,49.56
Bauria,Barakpur,52.06
Barakpur,Bauria,52.06
Bauria,Chandannagar,71.36
Chandannagar,Bauria,71.36
